{
  "HTTP Request-1" : {
    "transaction" : "HTTP Request-1",
    "sampleCount" : 3,
    "errorCount" : 0,
    "errorPct" : 0.0,
    "meanResTime" : 2264.0,
    "medianResTime" : 2244.0,
    "minResTime" : 2215.0,
    "maxResTime" : 2333.0,
    "pct1ResTime" : 2333.0,
    "pct2ResTime" : 2333.0,
    "pct3ResTime" : 2333.0,
    "throughput" : 0.19913707268503153,
    "receivedKBytesPerSec" : 134.2123584259874,
    "sentKBytesPerSec" : 0.024697664288084967
  },
  "Total" : {
    "transaction" : "Total",
    "sampleCount" : 9,
    "errorCount" : 3,
    "errorPct" : 33.333332,
    "meanResTime" : 1805.0,
    "medianResTime" : 2244.0,
    "minResTime" : 295.0,
    "maxResTime" : 2939.0,
    "pct1ResTime" : 2939.0,
    "pct2ResTime" : 2939.0,
    "pct3ResTime" : 2939.0,
    "throughput" : 0.5700171005130154,
    "receivedKBytesPerSec" : 256.40341475869275,
    "sentKBytesPerSec" : 0.0927762207866236
  },
  "HTTP Request-0" : {
    "transaction" : "HTTP Request-0",
    "sampleCount" : 3,
    "errorCount" : 0,
    "errorPct" : 0.0,
    "meanResTime" : 442.6666666666667,
    "medianResTime" : 313.0,
    "minResTime" : 295.0,
    "maxResTime" : 720.0,
    "pct1ResTime" : 720.0,
    "pct2ResTime" : 720.0,
    "pct3ResTime" : 720.0,
    "throughput" : 0.221483942414175,
    "receivedKBytesPerSec" : 0.16741071428571427,
    "sentKBytesPerSec" : 0.02660402823920266
  },
  "HTTP Request" : {
    "transaction" : "HTTP Request",
    "sampleCount" : 3,
    "errorCount" : 3,
    "errorPct" : 100.0,
    "meanResTime" : 2708.3333333333335,
    "medianResTime" : 2629.0,
    "minResTime" : 2557.0,
    "maxResTime" : 2939.0,
    "pct1ResTime" : 2939.0,
    "pct2ResTime" : 2939.0,
    "pct3ResTime" : 2939.0,
    "throughput" : 0.19000570017100513,
    "receivedKBytesPerSec" : 128.20170737934637,
    "sentKBytesPerSec" : 0.0463881103933118
  }
}